-- MySQL dump 10.13  Distrib 5.6.47, for osx10.15 (x86_64)
--
-- Host: 127.0.0.1    Database: blues_app_development
-- ------------------------------------------------------
-- Server version	5.6.47

/*!40101 SET @OLD_CHARACTER_SET_CLIENT=@@CHARACTER_SET_CLIENT */;
/*!40101 SET @OLD_CHARACTER_SET_RESULTS=@@CHARACTER_SET_RESULTS */;
/*!40101 SET @OLD_COLLATION_CONNECTION=@@COLLATION_CONNECTION */;
/*!40101 SET NAMES utf8 */;
/*!40103 SET @OLD_TIME_ZONE=@@TIME_ZONE */;
/*!40103 SET TIME_ZONE='+00:00' */;
/*!40014 SET @OLD_UNIQUE_CHECKS=@@UNIQUE_CHECKS, UNIQUE_CHECKS=0 */;
/*!40014 SET @OLD_FOREIGN_KEY_CHECKS=@@FOREIGN_KEY_CHECKS, FOREIGN_KEY_CHECKS=0 */;
/*!40101 SET @OLD_SQL_MODE=@@SQL_MODE, SQL_MODE='NO_AUTO_VALUE_ON_ZERO' */;
/*!40111 SET @OLD_SQL_NOTES=@@SQL_NOTES, SQL_NOTES=0 */;

--
-- Table structure for table `ar_internal_metadata`
--

DROP TABLE IF EXISTS `ar_internal_metadata`;
/*!40101 SET @saved_cs_client     = @@character_set_client */;
/*!40101 SET character_set_client = utf8 */;
CREATE TABLE `ar_internal_metadata` (
  `key` varchar(191) NOT NULL,
  `value` varchar(191) DEFAULT NULL,
  `created_at` datetime(6) NOT NULL,
  `updated_at` datetime(6) NOT NULL,
  PRIMARY KEY (`key`)
) ENGINE=InnoDB DEFAULT CHARSET=utf8;
/*!40101 SET character_set_client = @saved_cs_client */;

--
-- Dumping data for table `ar_internal_metadata`
--

LOCK TABLES `ar_internal_metadata` WRITE;
/*!40000 ALTER TABLE `ar_internal_metadata` DISABLE KEYS */;
INSERT INTO `ar_internal_metadata` VALUES ('environment','development','2020-11-19 06:25:11.997740','2020-11-19 06:25:11.997740');
/*!40000 ALTER TABLE `ar_internal_metadata` ENABLE KEYS */;
UNLOCK TABLES;

--
-- Table structure for table `comments`
--

DROP TABLE IF EXISTS `comments`;
/*!40101 SET @saved_cs_client     = @@character_set_client */;
/*!40101 SET character_set_client = utf8 */;
CREATE TABLE `comments` (
  `id` bigint(20) NOT NULL AUTO_INCREMENT,
  `content` varchar(191) NOT NULL,
  `member_id` bigint(20) DEFAULT NULL,
  `user_id` bigint(20) DEFAULT NULL,
  `created_at` datetime(6) NOT NULL,
  `updated_at` datetime(6) NOT NULL,
  PRIMARY KEY (`id`),
  KEY `index_comments_on_member_id` (`member_id`),
  KEY `index_comments_on_user_id` (`user_id`),
  CONSTRAINT `fk_rails_03de2dc08c` FOREIGN KEY (`user_id`) REFERENCES `users` (`id`),
  CONSTRAINT `fk_rails_a72f17693a` FOREIGN KEY (`member_id`) REFERENCES `members` (`id`)
) ENGINE=InnoDB AUTO_INCREMENT=20 DEFAULT CHARSET=utf8;
/*!40101 SET character_set_client = @saved_cs_client */;

--
-- Dumping data for table `comments`
--

LOCK TABLES `comments` WRITE;
/*!40000 ALTER TABLE `comments` DISABLE KEYS */;
INSERT INTO `comments` VALUES (1,'good',1,1,'2020-11-23 05:35:03.124836','2020-11-23 05:35:03.124836'),(2,'good',1,1,'2020-11-23 05:36:04.586843','2020-11-23 05:36:04.586843'),(3,'good',1,1,'2020-11-23 05:37:11.249321','2020-11-23 05:37:11.249321'),(4,'good',1,1,'2020-11-23 05:38:04.673533','2020-11-23 05:38:04.673533'),(5,'nice',1,1,'2020-11-23 05:56:06.262148','2020-11-23 05:56:06.262148'),(6,'great',1,1,'2020-11-23 05:58:10.902288','2020-11-23 05:58:10.902288'),(7,'aaa',1,1,'2020-11-23 05:59:21.581318','2020-11-23 05:59:21.581318'),(8,'スピードクロス\r\n素晴らしい',10,1,'2020-11-23 06:44:22.521096','2020-11-23 06:44:22.521096'),(9,'うまい',10,1,'2020-11-23 06:44:50.443456','2020-11-23 06:44:50.443456'),(11,'He is young!!!',1,1,'2020-11-23 07:49:56.464173','2020-11-23 07:49:56.464173'),(12,'Good Skill!!',25,1,'2020-11-23 07:56:37.707964','2020-11-23 07:56:37.707964'),(13,'彼のプレーが大好きだ',4,1,'2020-11-24 10:49:12.820919','2020-11-24 10:49:12.820919'),(14,'移籍金...',1,3,'2020-11-24 11:06:16.223049','2020-11-24 11:06:16.223049'),(15,'酷い',1,3,'2020-11-25 06:12:36.786383','2020-11-25 06:12:36.786383'),(16,'nice guy',2,4,'2020-11-26 09:01:09.475403','2020-11-26 09:01:09.475403');
/*!40000 ALTER TABLE `comments` ENABLE KEYS */;
UNLOCK TABLES;

--
-- Table structure for table `evaluations`
--

DROP TABLE IF EXISTS `evaluations`;
/*!40101 SET @saved_cs_client     = @@character_set_client */;
/*!40101 SET character_set_client = utf8 */;
CREATE TABLE `evaluations` (
  `id` bigint(20) NOT NULL AUTO_INCREMENT,
  `total_id` int(11) NOT NULL,
  `offence_id` int(11) NOT NULL,
  `deffence_id` int(11) NOT NULL,
  `pass_id` int(11) NOT NULL,
  `dribble_id` int(11) NOT NULL,
  `physical_id` int(11) NOT NULL,
  `pace_id` int(11) NOT NULL,
  `member_id` bigint(20) DEFAULT NULL,
  `user_id` bigint(20) DEFAULT NULL,
  `created_at` datetime(6) NOT NULL,
  `updated_at` datetime(6) NOT NULL,
  PRIMARY KEY (`id`),
  KEY `index_evaluations_on_member_id` (`member_id`),
  KEY `index_evaluations_on_user_id` (`user_id`),
  CONSTRAINT `fk_rails_e2225777c2` FOREIGN KEY (`member_id`) REFERENCES `members` (`id`),
  CONSTRAINT `fk_rails_ef42eba623` FOREIGN KEY (`user_id`) REFERENCES `users` (`id`)
) ENGINE=InnoDB AUTO_INCREMENT=21 DEFAULT CHARSET=utf8;
/*!40101 SET character_set_client = @saved_cs_client */;

--
-- Dumping data for table `evaluations`
--

LOCK TABLES `evaluations` WRITE;
/*!40000 ALTER TABLE `evaluations` DISABLE KEYS */;
INSERT INTO `evaluations` VALUES (1,1,5,3,4,3,4,3,1,1,'2020-11-24 05:21:19.038097','2020-11-24 05:21:19.038097'),(2,3,3,3,1,1,3,3,2,1,'2020-11-24 08:32:40.687072','2020-11-24 08:32:40.687072'),(3,4,2,4,2,1,4,4,4,1,'2020-11-24 10:50:02.253853','2020-11-24 10:50:02.253853'),(4,2,3,1,4,2,1,2,1,3,'2020-11-24 11:00:12.866486','2020-11-24 11:00:12.866486'),(5,3,1,3,2,2,4,4,4,3,'2020-11-24 11:02:46.162472','2020-11-24 11:02:46.162472'),(6,1,1,1,1,1,1,1,6,3,'2020-11-25 06:10:10.744390','2020-11-25 06:10:10.744390'),(7,3,3,1,5,3,2,1,14,3,'2020-11-25 09:43:06.396025','2020-11-25 09:43:06.396025'),(8,2,2,1,2,2,1,5,1,4,'2020-11-25 09:47:56.456979','2020-11-25 09:47:56.456979'),(9,4,4,1,5,3,2,1,14,4,'2020-11-25 09:52:50.265644','2020-11-25 09:52:50.265644'),(10,4,2,4,2,2,4,4,4,4,'2020-11-26 08:56:39.755102','2020-11-26 08:56:39.755102'),(11,2,1,1,1,5,3,1,2,4,'2020-11-26 09:00:33.657158','2020-11-26 09:00:33.657158'),(12,3,4,2,2,2,5,1,5,4,'2020-11-26 09:17:43.033855','2020-11-26 09:17:43.033855'),(13,3,2,3,2,3,3,4,8,4,'2020-11-26 10:36:04.937476','2020-11-26 10:36:04.937476'),(14,4,4,4,5,4,3,3,17,4,'2020-11-27 06:02:24.191121','2020-11-27 06:02:24.191121'),(15,4,3,3,4,4,2,3,1,5,'2020-11-27 06:23:08.195372','2020-11-27 06:23:08.195372'),(16,4,4,3,4,4,3,3,11,5,'2020-11-27 09:59:15.205859','2020-11-27 09:59:15.205859'),(17,2,2,3,2,3,3,4,8,5,'2020-11-27 11:11:11.225496','2020-11-27 11:11:11.225496'),(18,4,2,2,5,3,2,1,14,5,'2020-11-30 05:10:44.594026','2020-11-30 05:10:44.594026'),(19,3,4,2,2,4,4,4,21,5,'2020-12-07 11:27:48.785611','2020-12-07 11:27:48.785611'),(20,4,3,2,2,4,4,5,23,5,'2020-12-07 11:33:08.337378','2020-12-07 11:33:08.337378');
/*!40000 ALTER TABLE `evaluations` ENABLE KEYS */;
UNLOCK TABLES;

--
-- Table structure for table `members`
--

DROP TABLE IF EXISTS `members`;
/*!40101 SET @saved_cs_client     = @@character_set_client */;
/*!40101 SET character_set_client = utf8 */;
CREATE TABLE `members` (
  `id` bigint(20) NOT NULL AUTO_INCREMENT,
  `name` varchar(191) NOT NULL,
  `nation` varchar(191) NOT NULL,
  `ord` date NOT NULL,
  `position` varchar(191) NOT NULL,
  `zone` varchar(191) NOT NULL,
  `height` varchar(191) NOT NULL,
  `weight` varchar(191) NOT NULL,
  `foot` varchar(191) NOT NULL,
  `backnumber` varchar(191) NOT NULL,
  `image` varchar(191) NOT NULL,
  `created_at` datetime(6) NOT NULL,
  `updated_at` datetime(6) NOT NULL,
  PRIMARY KEY (`id`)
) ENGINE=InnoDB AUTO_INCREMENT=26 DEFAULT CHARSET=utf8;
/*!40101 SET character_set_client = @saved_cs_client */;

--
-- Dumping data for table `members`
--

LOCK TABLES `members` WRITE;
/*!40000 ALTER TABLE `members` DISABLE KEYS */;
INSERT INTO `members` VALUES (1,'ケパ・アリサバラガ','スペイン','1994-10-03','GK','GK','186cm','88kg','右足','1','kepa.jpg','2020-11-20 00:00:00.000000','2020-11-20 00:00:00.000000'),(2,'ウィリー・カバジェロ','アルゼンチン','1981-09-28','GK','GK','186cm','83kg','右足','13','caballero.jpg','2020-11-20 00:00:00.000000','2020-11-20 00:00:00.000000'),(3,'エドゥアール・メンディ','セネガル','1992-03-01','GK','GK','197cm','86kg','右足','16','mendy.jpg','2020-11-20 00:00:00.000000','2020-11-20 00:00:00.000000'),(4,'アントニオ・リュディガー','ドイツ','1993-03-03','CB','DF','190cm','85kg','右足','2','rudiger.jpg','2020-11-20 00:00:00.000000','2020-11-20 00:00:00.000000'),(5,'マルコス・アロンソ','スペイン','1990-12-28','LB','DF','188cm','85kg','左足','3','alonso.jpg','2020-11-20 00:00:00.000000','2020-11-20 00:00:00.000000'),(6,'アンドレアス・クリステンセン','デンマーク','1996-04-10','CB','DF','187cm','82kg','右足','4','chris.jpg','2020-11-20 00:00:00.000000','2020-11-20 00:00:00.000000'),(7,'チアゴ・シウヴァ','ブラジル','1984-09-22','CB','DF','183cm','79kg','右足','6','silva.jpg','2020-11-20 00:00:00.000000','2020-11-20 00:00:00.000000'),(8,'フィカヨ・トモリ','イングランド','1997-12-19','CB','DF','185cm','78kg','右足','14','tomori.jpg','2020-11-20 00:00:00.000000','2020-11-20 00:00:00.000000'),(9,'クル・ズマ','フランス','1994-10-27','CB','DF','190cm','95kg','右足','15','zouma.jpg','2020-11-20 00:00:00.000000','2020-11-20 00:00:00.000000'),(10,'ベン・チルウェル','イングランド','1996-12-21','LB','DF','178cm','77kg','左足','21','ben.jpg','2020-11-20 00:00:00.000000','2020-11-20 00:00:00.000000'),(11,'リース・ジェームズ','イングランド','1999-12-08','RB','DF','175cm','87kg','右足','24','reece.jpg','2020-11-20 00:00:00.000000','2020-11-20 00:00:00.000000'),(12,'サセル・アスピリクエタ','スペイン','1989-08-28','RB','DF','178cm','77kg','右足','28','azpi.jpg','2020-11-20 00:00:00.000000','2020-11-20 00:00:00.000000'),(13,'エメルソン・パルミエリ','ブラジル','1994-08-03','LB','DF','176cm','79kg','左足','33','emerson.jpg','2020-11-20 00:00:00.000000','2020-11-20 00:00:00.000000'),(14,'ジョルジーニョ','イタリア','1991-12-20','CDM','MF','180cm','68kg','右足','5','jorgi.jpg','2020-11-20 00:00:00.000000','2020-11-20 00:00:00.000000'),(15,'エンゴロ・カンテ','フランス','1991-03-29','CDM・CM','MF','168cm','70kg','右足','7','kante.jpg','2020-11-20 00:00:00.000000','2020-11-20 00:00:00.000000'),(16,'マテオ・コヴァチッチ','クロアチア','1994-05-06','CM','MF','176cm','80kg','右足','17','kovati.jpg','2020-11-20 00:00:00.000000','2020-11-20 00:00:00.000000'),(17,'メイソン・マウント','イングランド','1999-01-10','CAM','MF','178cm','70kg','右足','19','mason.jpg','2020-11-20 00:00:00.000000','2020-11-20 00:00:00.000000'),(18,'ハキム・ツィエク','モロッコ','1993-03-19','RM・CAM','MF','183cm','67kg','左足','22','ziyeck.jpg','2020-11-20 00:00:00.000000','2020-11-20 00:00:00.000000'),(19,'ビリー・ギルモア','スコットランド','2001-06-11','CM','MF','170cm','66kg','右足','23','gilmoura.jpg','2020-11-20 00:00:00.000000','2020-11-20 00:00:00.000000'),(20,'カイ・ハフェルツ','ドイツ','1999-06-11','CAM','MF','183cm','79kg','左足','29','kai.jpg','2020-11-20 00:00:00.000000','2020-11-20 00:00:00.000000'),(21,'タミー・エイブラハム','イングランド','1997-10-02','ST','FW','191cm','87kg','右足','9','tammy.jpg','2020-11-20 00:00:00.000000','2020-11-20 00:00:00.000000'),(22,'クリスティアン・プリシッチ','アメリカ','1998-09-18','LW・RW','FW','173cm','70kg','右足','10','puli.jpg','2020-11-20 00:00:00.000000','2020-11-20 00:00:00.000000'),(23,'ティモ・ヴェルナー','ドイツ','1996-03-06','ST','FW','180cm','76kg','右足','11','timo.jpg','2020-11-20 00:00:00.000000','2020-11-20 00:00:00.000000'),(24,'オリヴィエ・ジルー','フランス','1986-09-30','ST','FW','193cm','91kg','左足','18','giroud.jpg','2020-11-20 00:00:00.000000','2020-11-20 00:00:00.000000'),(25,'カラム・ハドソン・オドイ','イングランド','2000-11-07','LW・RW','FW','178cm','79kg','右足','20','odoi.jpg','2020-11-20 00:00:00.000000','2020-11-20 00:00:00.000000');
/*!40000 ALTER TABLE `members` ENABLE KEYS */;
UNLOCK TABLES;

--
-- Table structure for table `messages`
--

DROP TABLE IF EXISTS `messages`;
/*!40101 SET @saved_cs_client     = @@character_set_client */;
/*!40101 SET character_set_client = utf8 */;
CREATE TABLE `messages` (
  `id` bigint(20) NOT NULL AUTO_INCREMENT,
  `content` varchar(191) NOT NULL,
  `room_id` bigint(20) DEFAULT NULL,
  `user_id` bigint(20) DEFAULT NULL,
  `created_at` datetime(6) NOT NULL,
  `updated_at` datetime(6) NOT NULL,
  PRIMARY KEY (`id`),
  KEY `index_messages_on_room_id` (`room_id`),
  KEY `index_messages_on_user_id` (`user_id`),
  CONSTRAINT `fk_rails_273a25a7a6` FOREIGN KEY (`user_id`) REFERENCES `users` (`id`),
  CONSTRAINT `fk_rails_a8db0fb63a` FOREIGN KEY (`room_id`) REFERENCES `rooms` (`id`)
) ENGINE=InnoDB AUTO_INCREMENT=107 DEFAULT CHARSET=utf8;
/*!40101 SET character_set_client = @saved_cs_client */;

--
-- Dumping data for table `messages`
--

LOCK TABLES `messages` WRITE;
/*!40000 ALTER TABLE `messages` DISABLE KEYS */;
INSERT INTO `messages` VALUES (1,'１２３',11,1,'2011-11-11 00:00:00.000000','2011-11-11 00:00:00.000000'),(2,'ヒメネス',11,5,'2020-12-03 17:57:42.174618','2020-12-03 17:57:42.174618'),(3,'ヒメネス',11,5,'2020-12-03 18:13:50.606319','2020-12-03 18:13:50.606319'),(5,'aaa',11,5,'2020-12-03 19:36:21.205164','2020-12-03 19:36:21.205164'),(6,'aegae',11,5,'2020-12-03 19:36:24.860163','2020-12-03 19:36:24.860163'),(7,'あああああああああああああああああああああああああああああああああああああああああ',11,5,'2020-12-03 19:36:53.905651','2020-12-03 19:36:53.905651'),(8,'ヒメネス',11,5,'2020-12-04 14:27:49.280680','2020-12-04 14:27:49.280680'),(9,'hducj\r\nfjfj\r\nkhvk',11,5,'2020-12-04 15:17:34.268227','2020-12-04 15:17:34.268227'),(10,'waegrehb',11,5,'2020-12-04 15:30:44.325737','2020-12-04 15:30:44.325737'),(11,'awrgeb',11,5,'2020-12-04 15:30:47.044032','2020-12-04 15:30:47.044032'),(12,'aergbntgt',11,5,'2020-12-04 15:30:52.654501','2020-12-04 15:30:52.654501'),(13,'dsrgbenfgdthae',11,5,'2020-12-04 15:30:56.902106','2020-12-04 15:30:56.902106'),(14,'sethnthdgfn',11,5,'2020-12-04 15:31:00.708755','2020-12-04 15:31:00.708755'),(15,'sdthrmytdhfgsdheaj',11,5,'2020-12-04 15:31:04.366410','2020-12-04 15:31:04.366410'),(16,'aerghwb',11,5,'2020-12-04 15:31:50.167822','2020-12-04 15:31:50.167822'),(17,'aeghtwrhea',11,5,'2020-12-04 15:31:53.767761','2020-12-04 15:31:53.767761'),(18,'aerhtwnrtshe',11,5,'2020-12-04 15:31:57.295419','2020-12-04 15:31:57.295419'),(19,'sethnwrsg',11,5,'2020-12-04 15:32:01.811672','2020-12-04 15:32:01.811672'),(20,'素晴らしいプレーだった',11,5,'2020-12-04 17:57:20.605895','2020-12-04 17:57:20.605895'),(21,'hkbjl；',11,5,'2020-12-04 17:57:35.312107','2020-12-04 17:57:35.312107'),(22,'123',11,5,'2020-12-05 15:49:52.269464','2020-12-05 15:49:52.269464'),(23,'1233',11,5,'2020-12-05 16:36:11.740512','2020-12-05 16:36:11.740512'),(24,'あいう',12,5,'2020-12-05 16:38:28.895857','2020-12-05 16:38:28.895857'),(25,'あいう',12,5,'2020-12-05 16:41:24.131405','2020-12-05 16:41:24.131405'),(26,'123',12,5,'2020-12-05 16:43:55.734884','2020-12-05 16:43:55.734884'),(27,'asd',12,5,'2020-12-05 16:47:30.716222','2020-12-05 16:47:30.716222'),(28,'asetrdg',12,5,'2020-12-05 16:47:40.884471','2020-12-05 16:47:40.884471'),(29,'asdf',12,5,'2020-12-05 16:50:03.679585','2020-12-05 16:50:03.679585'),(30,'sdfgh',12,5,'2020-12-05 16:52:50.017759','2020-12-05 16:52:50.017759'),(31,'sed',12,5,'2020-12-05 16:55:14.718507','2020-12-05 16:55:14.718507'),(32,'asfdgfh',13,5,'2020-12-05 16:57:14.529915','2020-12-05 16:57:14.529915'),(33,'sdf',13,5,'2020-12-05 17:14:19.198338','2020-12-05 17:14:19.198338'),(34,'awytdfy',13,5,'2020-12-05 17:20:10.163477','2020-12-05 17:20:10.163477'),(35,'asdrfhg',13,5,'2020-12-05 17:23:27.029133','2020-12-05 17:23:27.029133'),(36,'gh',13,5,'2020-12-05 17:26:23.461485','2020-12-05 17:26:23.461485'),(37,'aserdth',13,5,'2020-12-05 17:27:33.807614','2020-12-05 17:27:33.807614'),(38,'asebrndf',13,5,'2020-12-05 17:28:07.187714','2020-12-05 17:28:07.187714'),(39,'aestr',13,5,'2020-12-05 17:30:26.064517','2020-12-05 17:30:26.064517'),(40,'srehtrjdy',13,5,'2020-12-05 18:14:13.307076','2020-12-05 18:14:13.307076'),(41,'sefrgdhf',13,5,'2020-12-05 18:15:23.523853','2020-12-05 18:15:23.523853'),(42,'agserhtrd',13,5,'2020-12-05 18:18:42.259175','2020-12-05 18:18:42.259175'),(43,'szerght',13,5,'2020-12-05 18:19:01.352459','2020-12-05 18:19:01.352459'),(44,'asgshtr',13,5,'2020-12-05 18:19:42.984100','2020-12-05 18:19:42.984100'),(45,'wasehdrjt',13,5,'2020-12-05 18:21:19.446555','2020-12-05 18:21:19.446555'),(46,'asdfd',13,5,'2020-12-05 18:22:09.270191','2020-12-05 18:22:09.270191'),(47,'aegrt',11,5,'2020-12-05 19:55:53.170196','2020-12-05 19:55:53.170196'),(48,'sethr',11,5,'2020-12-05 19:57:45.682498','2020-12-05 19:57:45.682498'),(49,'sehtr',11,5,'2020-12-05 19:58:10.302746','2020-12-05 19:58:10.302746'),(50,'せg',11,5,'2020-12-05 20:00:24.067413','2020-12-05 20:00:24.067413'),(51,'sh',11,5,'2020-12-05 20:01:11.700656','2020-12-05 20:01:11.700656'),(52,'srthjy',11,5,'2020-12-05 20:01:16.333320','2020-12-05 20:01:16.333320'),(53,'１１１',11,5,'2020-12-05 20:01:25.096084','2020-12-05 20:01:25.096084'),(54,'aergsht',11,5,'2020-12-05 20:06:42.042457','2020-12-05 20:06:42.042457'),(55,'zdbf',11,5,'2020-12-05 20:12:28.709280','2020-12-05 20:12:28.709280'),(56,'szrgdhtr',11,5,'2020-12-05 20:14:03.727172','2020-12-05 20:14:03.727172'),(57,'dfghj',11,5,'2020-12-05 20:28:37.972337','2020-12-05 20:28:37.972337'),(58,'s',11,5,'2020-12-05 20:29:36.507019','2020-12-05 20:29:36.507019'),(59,'segr',11,5,'2020-12-05 20:36:00.738129','2020-12-05 20:36:00.738129'),(60,'aehs',11,5,'2020-12-05 20:36:59.146669','2020-12-05 20:36:59.146669'),(61,'hj',11,5,'2020-12-05 20:38:45.229071','2020-12-05 20:38:45.229071'),(62,'awgresht',11,5,'2020-12-05 20:41:18.995255','2020-12-05 20:41:18.995255'),(63,'zsegrhtr',11,5,'2020-12-05 20:52:05.168731','2020-12-05 20:52:05.168731'),(64,'awtsreyh',11,5,'2020-12-05 20:54:54.831008','2020-12-05 20:54:54.831008'),(65,'sen',11,5,'2020-12-05 20:57:06.601251','2020-12-05 20:57:06.601251'),(66,'アイウエオ',12,5,'2020-12-05 20:58:46.444669','2020-12-05 20:58:46.444669'),(67,'あああああ',11,5,'2020-12-07 11:34:15.226213','2020-12-07 11:34:15.226213'),(68,'wクェrt',11,5,'2020-12-07 11:34:55.369582','2020-12-07 11:34:55.369582'),(69,'最高',11,6,'2020-12-07 13:33:59.064065','2020-12-07 13:33:59.064065'),(70,'sergt',11,6,'2020-12-07 13:48:35.516659','2020-12-07 13:48:35.516659'),(71,'sebt',11,6,'2020-12-07 13:48:39.098207','2020-12-07 13:48:39.098207'),(72,'ewaesrd',11,6,'2020-12-07 13:54:47.983242','2020-12-07 13:54:47.983242'),(73,'srght',11,6,'2020-12-07 13:54:56.867093','2020-12-07 13:54:56.867093'),(74,'qgrt',11,6,'2020-12-07 13:59:37.878474','2020-12-07 13:59:37.878474'),(75,'awe',11,6,'2020-12-07 14:03:20.463725','2020-12-07 14:03:20.463725'),(76,'aerghw',11,6,'2020-12-07 14:05:30.174333','2020-12-07 14:05:30.174333'),(77,'sdfg',11,6,'2020-12-07 14:10:34.297503','2020-12-07 14:10:34.297503'),(78,'serf',11,6,'2020-12-07 14:14:20.584860','2020-12-07 14:14:20.584860'),(79,'dfgh',11,6,'2020-12-07 14:18:16.039202','2020-12-07 14:18:16.039202'),(80,'asdfg',11,6,'2020-12-07 14:22:10.848248','2020-12-07 14:22:10.848248'),(81,'asdfg',11,6,'2020-12-07 14:23:05.642529','2020-12-07 14:23:05.642529'),(82,'asdfghj',11,6,'2020-12-07 14:24:33.049345','2020-12-07 14:24:33.049345'),(83,'awerf',11,6,'2020-12-07 14:25:03.289951','2020-12-07 14:25:03.289951'),(84,'aaa',11,6,'2020-12-07 14:26:13.361850','2020-12-07 14:26:13.361850'),(85,'xcdfg',11,6,'2020-12-07 14:28:25.342366','2020-12-07 14:28:25.342366'),(86,'sadf',11,6,'2020-12-07 14:29:08.481671','2020-12-07 14:29:08.481671'),(87,'aaaa',11,6,'2020-12-07 14:42:32.854882','2020-12-07 14:42:32.854882'),(88,'asdf',11,6,'2020-12-07 14:43:10.667477','2020-12-07 14:43:10.667477'),(89,'asd',11,6,'2020-12-07 14:43:37.441436','2020-12-07 14:43:37.441436'),(90,'aas',11,6,'2020-12-07 14:44:26.729101','2020-12-07 14:44:26.729101'),(91,'aaa',11,6,'2020-12-07 14:47:39.281521','2020-12-07 14:47:39.281521'),(92,'qqq',11,6,'2020-12-07 15:02:28.972269','2020-12-07 15:02:28.972269'),(93,'qwe',11,6,'2020-12-07 15:03:39.552905','2020-12-07 15:03:39.552905'),(94,'asd',11,6,'2020-12-07 15:04:16.409567','2020-12-07 15:04:16.409567'),(95,'asd',11,6,'2020-12-07 15:04:54.143576','2020-12-07 15:04:54.143576'),(96,'aaa',11,6,'2020-12-07 15:04:58.703955','2020-12-07 15:04:58.703955'),(97,'sss',11,6,'2020-12-07 15:05:38.363341','2020-12-07 15:05:38.363341'),(98,'zzz',11,6,'2020-12-07 15:06:13.113110','2020-12-07 15:06:13.113110'),(99,'asd',11,6,'2020-12-07 17:03:39.640402','2020-12-07 17:03:39.640402'),(100,'１２３',11,6,'2020-12-07 17:08:58.068196','2020-12-07 17:08:58.068196'),(101,'１１１',11,6,'2020-12-07 17:09:10.321704','2020-12-07 17:09:10.321704'),(102,'うまい\r\n',11,6,'2020-12-07 17:09:59.258394','2020-12-07 17:09:59.258394'),(103,'にcえ',11,6,'2020-12-07 18:00:52.968411','2020-12-07 18:00:52.968411'),(104,'あsdfg',11,6,'2020-12-08 01:19:19.160363','2020-12-08 01:19:19.160363'),(105,'あいう',12,6,'2020-12-08 13:58:36.310261','2020-12-08 13:58:36.310261'),(106,'あs',12,6,'2020-12-08 13:58:44.611481','2020-12-08 13:58:44.611481');
/*!40000 ALTER TABLE `messages` ENABLE KEYS */;
UNLOCK TABLES;

--
-- Table structure for table `rooms`
--

DROP TABLE IF EXISTS `rooms`;
/*!40101 SET @saved_cs_client     = @@character_set_client */;
/*!40101 SET character_set_client = utf8 */;
CREATE TABLE `rooms` (
  `id` bigint(20) NOT NULL AUTO_INCREMENT,
  `room_name` varchar(191) NOT NULL,
  `home_away` varchar(191) NOT NULL,
  `match_day` date NOT NULL,
  `match_time` time NOT NULL,
  `created_at` datetime(6) NOT NULL,
  `updated_at` datetime(6) NOT NULL,
  PRIMARY KEY (`id`)
) ENGINE=InnoDB AUTO_INCREMENT=39 DEFAULT CHARSET=utf8;
/*!40101 SET character_set_client = @saved_cs_client */;

--
-- Dumping data for table `rooms`
--

LOCK TABLES `rooms` WRITE;
/*!40000 ALTER TABLE `rooms` DISABLE KEYS */;
INSERT INTO `rooms` VALUES (1,'ブライトン','アウェイ','2020-09-15','04:15:00','2020-11-30 00:00:00.000000','2020-11-30 00:00:00.000000'),(2,'リヴァプール','ホーム','2020-09-21','00:30:00','2020-11-30 00:00:00.000000','2020-11-30 00:00:00.000000'),(3,'ウェスト・ブロムウィッチ','アウェイ','2020-09-27','01:30:00','2020-11-30 00:00:00.000000','2020-11-30 00:00:00.000000'),(4,'クリスタル・パレス','ホーム','2020-10-03','20:30:00','2020-11-30 00:00:00.000000','2020-11-30 00:00:00.000000'),(5,'サウサンプトン','ホーム','2020-10-17','23:00:00','2020-11-30 00:00:00.000000','2020-11-30 00:00:00.000000'),(6,'マンチェスター・ユナイテッド','アウェイ','2020-10-25','01:30:00','2020-11-30 00:00:00.000000','2020-11-30 00:00:00.000000'),(7,'バーンリー','アウェイ','2020-10-31','24:00:00','2020-11-30 00:00:00.000000','2020-11-30 00:00:00.000000'),(8,'シェフィールド','ホーム','2020-11-08','02:30:00','2020-11-30 00:00:00.000000','2020-11-30 00:00:00.000000'),(9,'ニューカッスル','アウェイ','2020-11-21','21:30:00','2020-11-30 00:00:00.000000','2020-11-30 00:00:00.000000'),(10,'トッテナム','ホーム','2020-11-30','01:30:00','2020-11-30 00:00:00.000000','2020-11-30 00:00:00.000000'),(11,'リーズ','ホーム','2020-12-06','05:00:00','2020-11-30 00:00:00.000000','2020-11-30 00:00:00.000000'),(12,'エヴァートン','アウェイ','2020-12-13','05:00:00','2020-11-30 00:00:00.000000','2020-11-30 00:00:00.000000'),(13,'ウルヴァーハンプトン','アウェイ','2020-12-16','03:00:00','2020-11-30 00:00:00.000000','2020-11-30 00:00:00.000000'),(14,'ウェストハム','ホーム','2020-12-22','05:00:00','2020-11-30 00:00:00.000000','2020-11-30 00:00:00.000000'),(15,'アーセナル','アウェイ','2020-12-27','02:30:00','2020-11-30 00:00:00.000000','2020-11-30 00:00:00.000000'),(16,'アストン・ヴィラ','ホーム','2020-12-29','02:30:00','2020-11-30 00:00:00.000000','2020-11-30 00:00:00.000000'),(17,'マンチェスター・シティ','ホーム','2021-01-02','24:00:00','2020-11-30 00:00:00.000000','2020-11-30 00:00:00.000000'),(18,'レスター','アウェイ','2021-01-13','04:45:00','2020-11-30 00:00:00.000000','2020-11-30 00:00:00.000000'),(19,'フラム','アウェイ','2021-01-16','24:00:00','2020-11-30 00:00:00.000000','2020-11-30 00:00:00.000000'),(20,'ウルヴァーハンプトン','ホーム','2021-01-28','04:45:00','2020-11-30 00:00:00.000000','2020-11-30 00:00:00.000000'),(21,'バーンリー','ホーム','2021-01-30','24:00:00','2020-11-30 00:00:00.000000','2020-11-30 00:00:00.000000'),(22,'トッテナム','アウェイ','2021-02-04','04:45:00','2020-11-30 00:00:00.000000','2020-11-30 00:00:00.000000'),(23,'シェフィールド','アウェイ','2021-02-06','24:00:00','2020-11-30 00:00:00.000000','2020-11-30 00:00:00.000000'),(24,'ニューカッスル','ホーム','2021-02-13','24:00:00','2020-11-30 00:00:00.000000','2020-11-30 00:00:00.000000'),(25,'サウサンプトン','アウェイ','2021-02-20','24:00:00','2020-11-30 00:00:00.000000','2020-11-30 00:00:00.000000'),(26,'マンチェスター・ユナイテッド','ホーム','2021-02-27','24:00:00','2020-11-30 00:00:00.000000','2020-11-30 00:00:00.000000'),(27,'エヴァートン','ホーム','2021-03-06','24:00:00','2020-11-30 00:00:00.000000','2020-11-30 00:00:00.000000'),(28,'リーズ','アウェイ','2021-03-13','24:00:00','2020-11-30 00:00:00.000000','2020-11-30 00:00:00.000000'),(29,'リヴァプール','アウェイ','2021-03-20','24:00:00','2020-11-30 00:00:00.000000','2020-11-30 00:00:00.000000'),(30,'ウェスト・ブロムウィッチ','ホーム','2021-04-03','23:00:00','2020-11-30 00:00:00.000000','2020-11-30 00:00:00.000000'),(31,'クリスタル・パレス','アウェイ','2021-04-10','23:00:00','2020-11-30 00:00:00.000000','2020-11-30 00:00:00.000000'),(32,'ブライトン','ホーム','2021-04-17','23:00:00','2020-11-30 00:00:00.000000','2020-11-30 00:00:00.000000'),(33,'ウェストハム','アウェイ','2021-04-24','23:00:00','2020-11-30 00:00:00.000000','2020-11-30 00:00:00.000000'),(34,'フラム','ホーム','2021-05-01','23:00:00','2020-11-30 00:00:00.000000','2020-11-30 00:00:00.000000'),(35,'マンチェスター・シティ','アウェイ','2021-05-08','23:00:00','2020-11-30 00:00:00.000000','2020-11-30 00:00:00.000000'),(36,'アーセナル','ホーム','2021-05-13','03:45:00','2020-11-30 00:00:00.000000','2020-11-30 00:00:00.000000'),(37,'レスター','ホーム','2021-05-15','23:00:00','2020-11-30 00:00:00.000000','2020-11-30 00:00:00.000000'),(38,'アストン・ヴィラ','アウェイ','2021-05-23','24:00:00','2020-11-30 00:00:00.000000','2020-11-30 00:00:00.000000');
/*!40000 ALTER TABLE `rooms` ENABLE KEYS */;
UNLOCK TABLES;

--
-- Table structure for table `schema_migrations`
--

DROP TABLE IF EXISTS `schema_migrations`;
/*!40101 SET @saved_cs_client     = @@character_set_client */;
/*!40101 SET character_set_client = utf8 */;
CREATE TABLE `schema_migrations` (
  `version` varchar(191) NOT NULL,
  PRIMARY KEY (`version`)
) ENGINE=InnoDB DEFAULT CHARSET=utf8;
/*!40101 SET character_set_client = @saved_cs_client */;

--
-- Dumping data for table `schema_migrations`
--

LOCK TABLES `schema_migrations` WRITE;
/*!40000 ALTER TABLE `schema_migrations` DISABLE KEYS */;
INSERT INTO `schema_migrations` VALUES ('20201119061212'),('20201120044120'),('20201120054441'),('20201123084050'),('20201130053102'),('20201202093214');
/*!40000 ALTER TABLE `schema_migrations` ENABLE KEYS */;
UNLOCK TABLES;

--
-- Table structure for table `users`
--

DROP TABLE IF EXISTS `users`;
/*!40101 SET @saved_cs_client     = @@character_set_client */;
/*!40101 SET character_set_client = utf8 */;
CREATE TABLE `users` (
  `id` bigint(20) NOT NULL AUTO_INCREMENT,
  `nickname` varchar(191) NOT NULL,
  `email` varchar(191) NOT NULL DEFAULT '',
  `encrypted_password` varchar(191) NOT NULL DEFAULT '',
  `reset_password_token` varchar(191) DEFAULT NULL,
  `reset_password_sent_at` datetime DEFAULT NULL,
  `remember_created_at` datetime DEFAULT NULL,
  `created_at` datetime(6) NOT NULL,
  `updated_at` datetime(6) NOT NULL,
  PRIMARY KEY (`id`),
  UNIQUE KEY `index_users_on_email` (`email`),
  UNIQUE KEY `index_users_on_reset_password_token` (`reset_password_token`)
) ENGINE=InnoDB AUTO_INCREMENT=7 DEFAULT CHARSET=utf8;
/*!40101 SET character_set_client = @saved_cs_client */;

--
-- Dumping data for table `users`
--

LOCK TABLES `users` WRITE;
/*!40000 ALTER TABLE `users` DISABLE KEYS */;
INSERT INTO `users` VALUES (1,'naoya','111@111','$2a$12$MI/72/.AK1qCVRfqWtP1X.tNEcMiurorY81gbdQUUcp4DN2rYDXm2',NULL,NULL,NULL,'2020-11-19 10:58:19.381946','2020-11-19 10:58:19.381946'),(2,'アダマ','222@222','$2a$12$//VKNX8cb5JxYjU2lXNI0.FLwggQyQoRwx4yAFnRQZaex7eIVwA4i',NULL,NULL,NULL,'2020-11-19 11:04:37.651055','2020-11-19 11:04:37.651055'),(3,'test','333@333','$2a$12$3YtEeS4b5GZSs4ILy0klbei/C53UsnGvRzukQPMKWYMgvj7mwt5f6',NULL,NULL,NULL,'2020-11-24 07:59:27.896329','2020-11-24 07:59:27.896329'),(4,'ビエルサ','555@555','$2a$12$AYvBuaY9CDNxe6HCLYd1VuhoaDVAGHpP9VwqSeVPbNSLU7AfGLpPW',NULL,NULL,NULL,'2020-11-25 09:47:22.949346','2020-11-25 09:47:22.949346'),(5,'abc','666@666','$2a$12$/YmOn7kESnqetFRltpWK4.ToAqdPVgmfdaTk0PvD7F99/srP77of6',NULL,NULL,NULL,'2020-11-27 06:22:15.060956','2020-11-27 06:22:15.060956'),(6,'test1','111@222','$2a$12$peU0q4IL7g8DKiEgTkSl4e286hZOHWn2f9Rxcmw7N.KmvURydemlW',NULL,NULL,NULL,'2020-12-07 11:38:12.801700','2020-12-07 11:38:12.801700');
/*!40000 ALTER TABLE `users` ENABLE KEYS */;
UNLOCK TABLES;
/*!40103 SET TIME_ZONE=@OLD_TIME_ZONE */;

/*!40101 SET SQL_MODE=@OLD_SQL_MODE */;
/*!40014 SET FOREIGN_KEY_CHECKS=@OLD_FOREIGN_KEY_CHECKS */;
/*!40014 SET UNIQUE_CHECKS=@OLD_UNIQUE_CHECKS */;
/*!40101 SET CHARACTER_SET_CLIENT=@OLD_CHARACTER_SET_CLIENT */;
/*!40101 SET CHARACTER_SET_RESULTS=@OLD_CHARACTER_SET_RESULTS */;
/*!40101 SET COLLATION_CONNECTION=@OLD_COLLATION_CONNECTION */;
/*!40111 SET SQL_NOTES=@OLD_SQL_NOTES */;

-- Dump completed on 2020-12-09  1:30:28
